nome,aniversario,nacionalidade
TOM HANCKS,1956-07-29,1
TOM HANCKS,1956-07-29,1
TOM HANCKS,1956-07-29,1
TOM HANCKS,1956-07-29,1
TOM HANCKS,1956-07-29,1
TOM HANCKS,1956-07-29,1
TOM HANCKS,1956-07-29,1
TOM HANCKS,1956-07-29,1
TOM HANCKS,1956-07-29,1
TOM HANCKS,1956-07-29,2
TOM HANCKS,1956-07-29,2
TOM HANCKS,1956-07-29,2
TOM HANCKS,1956-07-29,2
TOM HANCKS,1956-07-29,2
TOM HANCKS,1956-07-29,2
TOM HANCKS,1956-07-29,2
TOM HANCKS,1956-07-29,2
TOM HANCKS,1956-07-29,2
TOM HANCKS,1956-07-29,2
TOM HANCKS,1956-07-29,2
